{"cameraMode":{"drawMode":0,"name":"Shaded","section":"Shading Mode"},"sceneLighting":false,"audioPlay":false,"sceneViewState":{"m_AlwaysRefresh":false,"showFog":true,"showSkybox":false,"showFlares":true,"showImageEffects":true,"showParticleSystems":true,"showVisualEffectGraphs":true,"m_FxEnabled":true},"in2DMode":false,"pivot":{"x":0.27069759368896487,"y":0.13265514373779298,"z":0.44820690155029299},"rotation":{"x":0.11397388577461243,"y":0.8224244713783264,"z":-0.17735430598258973,"w":0.5284980535507202},"size":4.207394599914551,"orthographic":false}